test,match1,match2
IMG4616_5,IMG4085_3,IMG3813_3
IMG4569_3,IMG3887_3,IMG3469_2
IMG4642_4,IMG4141_4,IMG4200_3
IMG4554_5,IMG3023_1,IMG4035_2
IMG4477_2,IMG3831_3,IMG3787_3
IMG4566_3,IMG3107_1,IMG2849_1
IMG5404_4,IMG3747_1,IMG3424_4
IMG4598_3,IMG3520_4,IMG3865_1
IMG4323_2,IMG2830_4,IMG4081_1
IMG5196_5,IMG2860_2,IMG3183_4
IMG4490_1,IMG4234_1,IMG3963_3
IMG4538_4,IMG3781_1,IMG3781_2
IMG4788_2,IMG3022_5,IMG3619_4
IMG4995_2,IMG3898_5,IMG3035_2
IMG4552_2,IMG3839_4,IMG3344_3
IMG4804_2,IMG3501_5,IMG3117_3
IMG4467_4,IMG3559_1,IMG3204_4
IMG5092_2,IMG3145_5,IMG4086_3
IMG4409_2,IMG3200_1,IMG3640_2
IMG4553_1,IMG3496_1,IMG3496_2
IMG4816_2,IMG3599_3,IMG3645_2
IMG5266_5,IMG2878_2,IMG3160_2
IMG5202_5,IMG3242_1,IMG3500_1
IMG5353_1,IMG3949_3,IMG3997_2
IMG5477_5,IMG3149_3,IMG2972_4
IMG5307_5,IMG3697_4,IMG3252_2
IMG4422_2,IMG2881_4,IMG2881_3
IMG5470_3,IMG3847_4,IMG3922_4
IMG4303_2,IMG3677_2,IMG3584_3
IMG5061_1,IMG4223_5,IMG3158_2
IMG4650_4,IMG3997_5,IMG4187_3
IMG4930_4,IMG4210_1,IMG3412_1
IMG4975_3,IMG4100_1,IMG3861_1
IMG5345_2,IMG3717_2,IMG2917_1
IMG4381_5,IMG4042_4,IMG3530_1
IMG5328_1,IMG3953_1,IMG2798_5
IMG4994_5,IMG4111_5,IMG4111_5
IMG4433_5,IMG3531_2,IMG3030_1
IMG4342_5,IMG3485_2,IMG3768_4
IMG4980_5,IMG4181_1,IMG3856_5
IMG4550_4,IMG2843_4,IMG3678_2
IMG5032_2,IMG4223_5,IMG3158_2
IMG4969_4,IMG3364_1,IMG3170_4
IMG4599_1,IMG3145_1,IMG2847_3
IMG4794_4,IMG3604_2,IMG2843_3
IMG4921_1,IMG3302_4,IMG2979_2
IMG4447_4,IMG3345_2,IMG3098_1
IMG5133_2,IMG3897_1,IMG3369_5
IMG4991_4,IMG4017_5,IMG3507_5
IMG4387_1,IMG3541_1,IMG3341_2
IMG4464_3,IMG3991_1,IMG3143_3
IMG4881_4,IMG4158_4,IMG3858_3
IMG4526_5,IMG3956_5,IMG3250_1
IMG4860_5,IMG4206_2,IMG4024_2
IMG4795_2,IMG3108_1,IMG3821_5
IMG4595_1,IMG3949_2,IMG3406_3
IMG4349_5,IMG3748_1,IMG3223_2
IMG5065_3,IMG3966_1,IMG3734_3
IMG5381_3,IMG2821_1,IMG3964_3
IMG4544_3,IMG2838_1,IMG4002_1
IMG4772_3,IMG3899_1,IMG4035_2
IMG4713_3,IMG2834_2,IMG4228_3
IMG4478_2,IMG3894_3,IMG3487_4
IMG4377_1,IMG2896_1,IMG2933_2
IMG4900_4,IMG3520_1,IMG3296_4
IMG5132_4,IMG4069_4,IMG3366_2
IMG4668_4,IMG3132_5,IMG2753_3
IMG5214_4,IMG3398_5,IMG3398_3
IMG5057_4,IMG3173_1,IMG3721_5
IMG4843_1,IMG3830_5,IMG3615_2
IMG5484_4,IMG3907_5,IMG3629_3
IMG5383_1,IMG3412_4,IMG3249_3
IMG4910_2,IMG3761_4,IMG3268_5
IMG5394_3,IMG3847_1,IMG2780_4
IMG5309_2,IMG3002_2,IMG3638_4
IMG4607_2,IMG3997_1,IMG4187_3
IMG4739_3,IMG3169_1,IMG3456_4
IMG4970_5,IMG3842_3,IMG2749_1
IMG5245_1,IMG3577_4,IMG3375_2
IMG4321_5,IMG3512_2,IMG2909_3
IMG5310_2,IMG4111_5,IMG4111_5
IMG4462_3,IMG4018_4,IMG4196_3
IMG4488_4,IMG2801_1,IMG3679_3
IMG5218_4,IMG3691_1,IMG4144_3
IMG5219_5,IMG3885_5,IMG2930_2
IMG4858_3,IMG3981_4,IMG2811_5
IMG4426_5,IMG3812_1,IMG3791_5
IMG5480_4,IMG3542_4,IMG3783_2
IMG4967_5,IMG3133_5,IMG2813_3
IMG4877_5,IMG3675_4,IMG2870_3
IMG4630_1,IMG4212_5,IMG3111_5
IMG4776_4,IMG4141_5,IMG3493_3
IMG5056_4,IMG3410_2,IMG3998_1
IMG5201_5,IMG3282_2,IMG3345_5
IMG4716_1,IMG3990_3,IMG3512_4
IMG5317_1,IMG3561_2,IMG3585_2
IMG5224_5,IMG3239_4,IMG3021_1
IMG4458_1,IMG3862_2,IMG3236_5
IMG4755_2,IMG2913_4,IMG3261_3
IMG5231_3,IMG3862_1,IMG3236_5
IMG4960_2,IMG2840_1,IMG3239_2
IMG4324_5,IMG3700_3,IMG3659_3
IMG4317_2,IMG2812_2,IMG2812_2
IMG4699_1,IMG3853_3,IMG2948_2
IMG4358_2,IMG3291_1,IMG3107_2
IMG5177_1,IMG3727_5,IMG3869_1
IMG4570_1,IMG3722_3,IMG2911_4
IMG4741_4,IMG3273_3,IMG3233_5
IMG4634_3,IMG2761_5,IMG3774_3
IMG4899_3,IMG3446_3,IMG3283_3
IMG4494_5,IMG3015_4,IMG4087_5
IMG4891_5,IMG3219_1,IMG3134_1
IMG4681_4,IMG3430_2,IMG2849_1
IMG5377_4,IMG4085_1,IMG2775_5
IMG4572_1,IMG3153_1,IMG2764_2
IMG4528_4,IMG3047_1,IMG4203_5
IMG4728_1,IMG3147_5,IMG3641_1
IMG4430_4,IMG3805_2,IMG3780_1
IMG4840_2,IMG3297_2,IMG3753_5
IMG5252_5,IMG3489_3,IMG3925_4
IMG4357_5,IMG3746_2,IMG3527_1
IMG5050_1,IMG3943_5,IMG4088_4
IMG4941_1,IMG3601_2,IMG3696_4
IMG5047_3,IMG4059_5,IMG3033_1
IMG5038_1,IMG3759_5,IMG3742_5
IMG4399_1,IMG3410_2,IMG3998_1
IMG4334_3,IMG3916_2,IMG3916_1
IMG4669_2,IMG3840_1,IMG4105_4
IMG4692_1,IMG3908_5,IMG3514_1
IMG4446_5,IMG3821_1,IMG2923_4
IMG5405_5,IMG3257_2,IMG3612_3
IMG4367_1,IMG3672_2,IMG2845_2
IMG5424_4,IMG3426_1,IMG3426_5
IMG4892_3,IMG2895_1,IMG3324_5
IMG4947_3,IMG3931_4,IMG4108_5
IMG5467_2,IMG2993_2,IMG3906_3
IMG4982_5,IMG3614_3,IMG3850_5
IMG5374_4,IMG2968_2,IMG3939_1
IMG4292_3,IMG3855_1,IMG3265_1
IMG5365_4,IMG2744_3,IMG4134_5
IMG5139_1,IMG3920_5,IMG3712_5
IMG4589_3,IMG3918_3,IMG3721_2
IMG4807_5,IMG3503_1,IMG3503_2
IMG4649_1,IMG3556_5,IMG4071_4
IMG5357_2,IMG3669_4,IMG3710_4
IMG4338_3,IMG3313_3,IMG3203_4
IMG4727_4,IMG3826_5,IMG3284_5
IMG4653_3,IMG3725_2,IMG2789_5
IMG4546_1,IMG3712_4,IMG2893_5
IMG4581_2,IMG3727_3,IMG3869_3
IMG4869_5,IMG3630_1,IMG4204_5
IMG4632_2,IMG3382_4,IMG3921_3
IMG4904_4,IMG3525_3,IMG3722_2
IMG4800_3,IMG4147_3,IMG4058_3
IMG5103_4,IMG3223_1,IMG3397_3
IMG4764_4,IMG3594_1,IMG4226_1
IMG4963_3,IMG3804_2,IMG3015_1
IMG4839_2,IMG3817_4,IMG3431_4
IMG5433_4,IMG3104_1,IMG3905_2
IMG4604_5,IMG3129_5,IMG2777_1
IMG4620_1,IMG3048_4,IMG4184_1
IMG5188_2,IMG3789_2,IMG3646_4
IMG5304_4,IMG3881_4,IMG3269_4
IMG4605_2,IMG3506_1,IMG4024_2
IMG4886_1,IMG3454_1,IMG2938_2
IMG5011_2,IMG3930_3,IMG3356_1
IMG5364_1,IMG3899_3,IMG4209_5
IMG4964_3,IMG3364_3,IMG3856_1
IMG4386_3,IMG4026_5,IMG4026_5
IMG4435_5,IMG4239_2,IMG3013_3
IMG4959_1,IMG4016_3,IMG3798_1
IMG5303_5,IMG3444_3,IMG4027_1
IMG5359_5,IMG2895_1,IMG4065_3
IMG5090_1,IMG4017_5,IMG3507_5
IMG4815_5,IMG3970_5,IMG3787_4
IMG5352_5,IMG4179_4,IMG3463_1
IMG5060_3,IMG2946_5,IMG3351_3
IMG4451_2,IMG3071_1,IMG4054_1
IMG5319_1,IMG3630_1,IMG3870_4
IMG4709_5,IMG2798_3,IMG4219_4
IMG4359_3,IMG3990_2,IMG3512_3
IMG4575_1,IMG3226_2,IMG3957_5
IMG5215_1,IMG3531_2,IMG2900_2
IMG5320_2,IMG3385_1,IMG4007_3
IMG4992_5,IMG4011_4,IMG2878_1
IMG4743_5,IMG3525_2,IMG3437_1
IMG4485_3,IMG3751_4,IMG4034_4
IMG5313_4,IMG3452_4,IMG3066_5
IMG4330_4,IMG3921_1,IMG3247_5
IMG4455_3,IMG3949_1,IMG3200_4
IMG4474_4,IMG3177_4,IMG3552_5
IMG4946_5,IMG4174_5,IMG2767_5
IMG5449_1,IMG3753_3,IMG3619_4
IMG4654_4,IMG3201_5,IMG3984_2
IMG5016_3,IMG4106_1,IMG3402_3
IMG5097_1,IMG4229_5,IMG3822_1
IMG5072_4,IMG4032_4,IMG3533_3
IMG4512_2,IMG3387_3,IMG4106_2
IMG5318_3,IMG3969_2,IMG3772_3
IMG5297_5,IMG3584_4,IMG3893_5
IMG4811_3,IMG3377_4,IMG3507_1
IMG4531_1,IMG3957_2,IMG3226_5
IMG4951_1,IMG3436_3,IMG3765_5
IMG4962_4,IMG4011_4,IMG2893_3
IMG4710_3,IMG2912_2,IMG3664_2
IMG4465_3,IMG3512_2,IMG4073_1
IMG5382_2,IMG3150_2,IMG2961_1
IMG5327_3,IMG3834_2,IMG2751_4
IMG5190_3,IMG4068_5,IMG3477_5
IMG4439_4,IMG3428_4,IMG3382_2
IMG5211_1,IMG3738_3,IMG4192_1
IMG5173_3,IMG3454_4,IMG2750_1
IMG5019_2,IMG3280_4,IMG3439_2
IMG4517_2,IMG3967_3,IMG3944_1
IMG5271_4,IMG3488_1,IMG3633_3
IMG5464_3,IMG3196_5,IMG3565_2
IMG4955_2,IMG4166_1,IMG3402_3
IMG4540_3,IMG3988_3,IMG3725_5
IMG4389_5,IMG3122_5,IMG3776_3
IMG5441_2,IMG3235_5,IMG3183_2
IMG4912_5,IMG3916_4,IMG3241_1
IMG4862_3,IMG3235_1,IMG3367_2
IMG4347_5,IMG3722_1,IMG2818_4
IMG4691_2,IMG3878_2,IMG3595_2
IMG4909_5,IMG2897_4,IMG3753_5
IMG5412_4,IMG3672_4,IMG4099_5
IMG4629_3,IMG3187_5,IMG3187_1
IMG5220_3,IMG3430_5,IMG3560_2
IMG4398_3,IMG3891_4,IMG3579_1
IMG4926_5,IMG3721_3,IMG2960_4
IMG4310_4,IMG3266_5,IMG3095_1
IMG4906_3,IMG3898_3,IMG2914_2
IMG4461_3,IMG4051_5,IMG3164_3
IMG5163_4,IMG3455_3,IMG3875_5
IMG5093_5,IMG2822_2,IMG3661_1
IMG5154_5,IMG3031_5,IMG3972_5
IMG4759_5,IMG2957_5,IMG2957_1
IMG4981_3,IMG2916_3,IMG3292_3
IMG4880_1,IMG3671_1,IMG3659_1
IMG5070_3,IMG4229_4,IMG3496_5
IMG5408_2,IMG4071_5,IMG3556_1
IMG4935_4,IMG4028_1,IMG3058_4
IMG5123_2,IMG2861_2,IMG3639_4
IMG4348_5,IMG3843_2,IMG3575_2
IMG4956_4,IMG2784_3,IMG2784_2
IMG5096_4,IMG3804_2,IMG3605_4
IMG4521_2,IMG3361_4,IMG2883_2
IMG4393_4,IMG3140_1,IMG4090_4
IMG4562_5,IMG3428_2,IMG3382_1
IMG4779_3,IMG4147_3,IMG2825_5
IMG5341_4,IMG3351_2,IMG3973_1
IMG5156_3,IMG4184_3,IMG4124_1
IMG4388_5,IMG3383_3,IMG3383_4
IMG4774_2,IMG3549_3,IMG2983_1
IMG5001_1,IMG3406_5,IMG3406_1
IMG4919_4,IMG3362_3,IMG2910_5
IMG5376_2,IMG3069_1,IMG3413_2
IMG5265_2,IMG3838_3,IMG4029_2
IMG5152_3,IMG3927_4,IMG3519_4
IMG5253_5,IMG3347_1,IMG3881_3
IMG4697_2,IMG3361_1,IMG2816_1
IMG4999_1,IMG3146_4,IMG3777_1
IMG4306_4,IMG3071_3,IMG3215_2
IMG5242_4,IMG3964_1,IMG3143_1
IMG4785_2,IMG3126_4,IMG2947_2
IMG4936_5,IMG4190_2,IMG3747_4
IMG4312_2,IMG2977_4,IMG3852_5
IMG5425_4,IMG3338_5,IMG3969_1
IMG5198_2,IMG3217_1,IMG3121_3
IMG5411_4,IMG3673_1,IMG3048_1
IMG4768_2,IMG3635_3,IMG3421_1
IMG4582_5,IMG2909_5,IMG3056_2
IMG5269_3,IMG3167_3,IMG3992_5
IMG5191_4,IMG3649_5,IMG3219_3
IMG5431_3,IMG4151_2,IMG4027_5
IMG5288_5,IMG4041_3,IMG4197_2
IMG4556_3,IMG3079_5,IMG3409_1
IMG4487_4,IMG3472_4,IMG3895_1
IMG5059_1,IMG2846_1,IMG3408_1
IMG4394_4,IMG2768_1,IMG2820_3
IMG5392_1,IMG3193_1,IMG3483_2
IMG5435_1,IMG3066_3,IMG3500_3
IMG4976_1,IMG3021_3,IMG3595_3
IMG4676_2,IMG4207_5,IMG2853_1
IMG4724_3,IMG3924_5,IMG4167_4
IMG4932_2,IMG3532_5,IMG4206_1
IMG5199_5,IMG4218_5,IMG4138_5
IMG5029_1,IMG2951_5,IMG3739_2
IMG5213_5,IMG3724_3,IMG3948_2
IMG4836_4,IMG3931_1,IMG3570_3
IMG4704_3,IMG4048_3,IMG4035_3
IMG4613_3,IMG3357_4,IMG3621_2
IMG4819_1,IMG3703_3,IMG3078_3
IMG5355_5,IMG3793_1,IMG3895_1
IMG5481_2,IMG3949_2,IMG4187_3
IMG5463_2,IMG3301_2,IMG3735_2
IMG5033_2,IMG3717_3,IMG2930_3
IMG5399_4,IMG3111_4,IMG3735_5
IMG5200_2,IMG3767_3,IMG3730_1
IMG5397_3,IMG2839_3,IMG2751_5
IMG5210_1,IMG3913_5,IMG3309_3
IMG4901_5,IMG3579_2,IMG3849_1
IMG4889_5,IMG3599_4,IMG3992_1
IMG5138_4,IMG2869_2,IMG3581_3
IMG4917_3,IMG3883_1,IMG3617_1
IMG5184_1,IMG3902_5,IMG3933_1
IMG4885_5,IMG4001_5,IMG3948_1
IMG4988_2,IMG4122_4,IMG2827_3
IMG5340_2,IMG3287_1,IMG2975_5
IMG4696_1,IMG3345_1,IMG3128_1
IMG5335_2,IMG3665_5,IMG3570_2
IMG4316_2,IMG3030_3,IMG2900_5
IMG4311_4,IMG3505_2,IMG3249_3
IMG5282_1,IMG3291_2,IMG3575_1
IMG4619_5,IMG4060_5,IMG3224_2
IMG4735_3,IMG2897_5,IMG3753_1
IMG4796_5,IMG3445_4,IMG3445_3
IMG5114_1,IMG4184_5,IMG3048_3
IMG4564_5,IMG3827_4,IMG3244_5
IMG5122_5,IMG4091_4,IMG3379_5
IMG5444_3,IMG2946_1,IMG4094_1
IMG5172_4,IMG3074_4,IMG3032_3
IMG5331_1,IMG3974_2,IMG3828_4
IMG4373_1,IMG3028_2,IMG2895_3
IMG4751_2,IMG2860_2,IMG3056_2
IMG4756_2,IMG2841_2,IMG3637_4
IMG5085_2,IMG3908_4,IMG3470_5
IMG5164_1,IMG3210_4,IMG3210_4
IMG5048_2,IMG3980_1,IMG3295_4
IMG4390_3,IMG3927_1,IMG3721_5
IMG4928_3,IMG4034_1,IMG2908_5
IMG5014_2,IMG3921_5,IMG4170_5
IMG4299_3,IMG3673_3,IMG3240_2
IMG4638_3,IMG2915_1,IMG4003_4
IMG5095_4,IMG3842_3,IMG3247_5
IMG5469_2,IMG2999_1,IMG3267_2
IMG4747_2,IMG3720_5,IMG4215_2
IMG4758_5,IMG2894_2,IMG3966_5
IMG5393_2,IMG3325_2,IMG3500_5
IMG4289_5,IMG3018_5,IMG3494_5
IMG4726_2,IMG3225_3,IMG4120_1
IMG5379_5,IMG2775_3,IMG4223_4
IMG4537_2,IMG3548_4,IMG2841_4
IMG4597_4,IMG3520_4,IMG3296_3
IMG5255_5,IMG3233_2,IMG3616_5
IMG4773_1,IMG3917_4,IMG4146_1
IMG5169_2,IMG3388_5,IMG3181_2
IMG4803_5,IMG2970_5,IMG3432_1
IMG4522_4,IMG3875_3,IMG4062_4
IMG5238_2,IMG3870_3,IMG3022_2
IMG4415_2,IMG3187_5,IMG3953_5
IMG5358_5,IMG3538_1,IMG2926_4
IMG5087_5,IMG3852_1,IMG2977_5
IMG5223_5,IMG3226_4,IMG2852_3
IMG4915_2,IMG3802_5,IMG4165_4
IMG4801_2,IMG3768_1,IMG3558_4
IMG4548_5,IMG3575_3,IMG3430_1
IMG4302_2,IMG3431_2,IMG3817_2
IMG5301_4,IMG3830_1,IMG3165_4
IMG4882_5,IMG3533_4,IMG3722_2
IMG4929_5,IMG4131_4,IMG4131_3
IMG5455_3,IMG2977_2,IMG3852_4
IMG4849_4,IMG3850_4,IMG3901_3
IMG4345_3,IMG3430_5,IMG3560_2
IMG4895_5,IMG3297_4,IMG3752_3
IMG4288_5,IMG2755_2,IMG3230_2
IMG4705_4,IMG3153_1,IMG3906_2
IMG5401_5,IMG3415_1,IMG2983_4
IMG4943_3,IMG3233_2,IMG3616_5
IMG4641_2,IMG3753_3,IMG3619_4
IMG4938_5,IMG2800_5,IMG2913_5
IMG5008_3,IMG3213_5,IMG3731_5
IMG4925_5,IMG2787_2,IMG3563_4
IMG4333_2,IMG3578_5,IMG3776_2
IMG5446_1,IMG3799_4,IMG3129_1
IMG5427_1,IMG3575_4,IMG3430_1
IMG4898_5,IMG3078_2,IMG3915_1
IMG4706_5,IMG3650_1,IMG3496_2
IMG4952_5,IMG3605_5,IMG3350_2
IMG5150_1,IMG3582_4,IMG3693_5
IMG5045_4,IMG2966_5,IMG3659_1
IMG5182_1,IMG4154_1,IMG3740_2
IMG4645_4,IMG3351_5,IMG4058_3
IMG5261_1,IMG3790_2,IMG3673_5
IMG4563_1,IMG3597_2,IMG3597_3
IMG5400_3,IMG4230_2,IMG3861_5
IMG4328_4,IMG3635_4,IMG4038_3
IMG4453_2,IMG3845_4,IMG3133_1
IMG5436_3,IMG2775_1,IMG3555_4
IMG5144_4,IMG3860_5,IMG3108_4
IMG4703_1,IMG2894_2,IMG3677_4
IMG4442_5,IMG2787_2,IMG3563_4
IMG5418_4,IMG2882_2,IMG3591_4
IMG5035_3,IMG3617_3,IMG3452_3
IMG5466_2,IMG4205_2,IMG3360_3
IMG5091_4,IMG3406_5,IMG4187_5
IMG5022_5,IMG3147_3,IMG3278_2
IMG4436_5,IMG4183_3,IMG2825_1
IMG5100_5,IMG3086_5,IMG4112_1
IMG5286_3,IMG3713_5,IMG3948_5
IMG4479_5,IMG4221_5,IMG3477_3
IMG4354_3,IMG3146_5,IMG4189_4
IMG4441_3,IMG3465_2,IMG3438_1
IMG4845_5,IMG4070_2,IMG3507_5
IMG4714_3,IMG3891_3,IMG3957_1
IMG5136_5,IMG2790_2,IMG3652_2
IMG5131_3,IMG3095_5,IMG3095_1
IMG5417_3,IMG3802_2,IMG3871_5
IMG4533_3,IMG4123_4,IMG4155_1
IMG5026_5,IMG4011_1,IMG2878_3
IMG4628_2,IMG2995_4,IMG3480_2
IMG4405_4,IMG3986_5,IMG3986_1
IMG5354_4,IMG3166_4,IMG3317_5
IMG5044_1,IMG2762_4,IMG2762_5
IMG5430_3,IMG3409_4,IMG3783_3
IMG5203_5,IMG3010_5,IMG2803_2
IMG4483_1,IMG2847_2,IMG3005_3
IMG5155_1,IMG3380_2,IMG3380_3
IMG5289_2,IMG3593_4,IMG3134_3
IMG5460_4,IMG3462_5,IMG3735_3
IMG4484_2,IMG2767_1,IMG3975_2
IMG5371_2,IMG3875_3,IMG4062_4
IMG5062_2,IMG3598_5,IMG4070_5
IMG4624_4,IMG3575_4,IMG3843_5
IMG4290_4,IMG3901_5,IMG3806_5
IMG4431_1,IMG3939_3,IMG3808_2
IMG5110_3,IMG3768_2,IMG3415_3
IMG5308_2,IMG2830_3,IMG2988_5
IMG4966_3,IMG2747_5,IMG2933_2
IMG4496_5,IMG3904_5,IMG4165_5
IMG4463_1,IMG3375_5,IMG3442_4
IMG4457_3,IMG3056_3,IMG3523_2
IMG4499_3,IMG2871_3,IMG2887_5
IMG4414_2,IMG3099_2,IMG3602_4
IMG4336_4,IMG3644_2,IMG3068_3
IMG4883_2,IMG4174_1,IMG4125_5
IMG5024_5,IMG3597_4,IMG3781_4
IMG5325_4,IMG2894_2,IMG3375_3
IMG5410_1,IMG3966_1,IMG2894_3
IMG5290_2,IMG3325_1,IMG3066_4
IMG4686_1,IMG4239_5,IMG3004_5
IMG4370_4,IMG3191_1,IMG3585_5
IMG4826_3,IMG2953_5,IMG3719_1
IMG4591_1,IMG4028_3,IMG3638_4
IMG4873_5,IMG2840_4,IMG3891_5
IMG4340_4,IMG3529_5,IMG2865_3
IMG5104_5,IMG3902_1,IMG3933_1
IMG4884_1,IMG4143_3,IMG2749_1
IMG5109_3,IMG3835_5,IMG3471_3
IMG4505_4,IMG3697_2,IMG3771_3
IMG4934_5,IMG4152_2,IMG2931_1
IMG5141_2,IMG3949_2,IMG3200_4
IMG4770_1,IMG3975_3,IMG2767_2
IMG4841_4,IMG3568_4,IMG4228_4
IMG4902_2,IMG3932_1,IMG3877_5
IMG4543_1,IMG4032_2,IMG3900_2
IMG4366_1,IMG2879_4,IMG3889_3
IMG4989_4,IMG4181_1,IMG2834_5
IMG4648_2,IMG2817_2,IMG3160_3
IMG4508_2,IMG3605_1,IMG3866_3
IMG5134_2,IMG3271_2,IMG3802_4
IMG4837_2,IMG3426_3,IMG2822_1
IMG4842_5,IMG3312_2,IMG3270_3
IMG4903_2,IMG3727_3,IMG3355_5
IMG4545_5,IMG2866_5,IMG4020_4
IMG5451_3,IMG3616_3,IMG2916_5
IMG5145_3,IMG3990_5,IMG3191_3
IMG4612_3,IMG4120_4,IMG3467_2
IMG4923_2,IMG3466_2,IMG3582_1
IMG5440_1,IMG3206_4,IMG3214_4
IMG5058_4,IMG2951_5,IMG3886_5
IMG4375_3,IMG3501_5,IMG3117_2
IMG5239_3,IMG4106_4,IMG4106_3
IMG5396_2,IMG4220_1,IMG3925_5
IMG4384_3,IMG3223_3,IMG3371_2
IMG5181_2,IMG4128_5,IMG4122_1
IMG4721_3,IMG3574_5,IMG4052_5
IMG5042_2,IMG3319_5,IMG3232_3
IMG5168_3,IMG3956_5,IMG4154_3
IMG5052_4,IMG2757_1,IMG3245_3
IMG4887_3,IMG3966_4,IMG4053_4
IMG4664_3,IMG3464_4,IMG3006_3
IMG5225_2,IMG3354_4,IMG3031_3
IMG5142_2,IMG3147_3,IMG2926_5
IMG4472_2,IMG3756_2,IMG3376_5
IMG4626_3,IMG3651_1,IMG3633_4
IMG4738_2,IMG2786_5,IMG2794_5
IMG4752_4,IMG2767_3,IMG3975_4
IMG4495_2,IMG3705_4,IMG3017_4
IMG4558_2,IMG2970_4,IMG3282_3
IMG5066_4,IMG3469_5,IMG4067_4
IMG4823_2,IMG2746_1,IMG3448_4
IMG4867_5,IMG3085_2,IMG3053_5
IMG4766_4,IMG4170_3,IMG3921_3
IMG5262_2,IMG3151_3,IMG2782_3
IMG5250_1,IMG3828_1,IMG3628_2
IMG5268_4,IMG3373_3,IMG3974_4
IMG4361_4,IMG3015_2,IMG4087_4
IMG4723_1,IMG4101_1,IMG4130_2
IMG4532_4,IMG3544_3,IMG3723_1
IMG5256_2,IMG3510_3,IMG3204_3
IMG4350_2,IMG3754_1,IMG4076_3
IMG4760_2,IMG3221_2,IMG3411_3
IMG5118_1,IMG4228_5,IMG3735_3
IMG4503_3,IMG3142_3,IMG3855_3
IMG4791_5,IMG3898_5,IMG3035_2
IMG4631_2,IMG3460_1,IMG2978_1
IMG4425_3,IMG3167_4,IMG2955_1
IMG4473_1,IMG2832_5,IMG3265_1
IMG5120_4,IMG4180_5,IMG3351_3
IMG5482_1,IMG3103_5,IMG3502_4
IMG5222_3,IMG3634_2,IMG3782_2
IMG5302_3,IMG3457_3,IMG3402_5
IMG4822_2,IMG3553_3,IMG3243_1
IMG5349_3,IMG4078_5,IMG4051_1
IMG4827_2,IMG3690_1,IMG2933_5
IMG4319_2,IMG2992_4,IMG2905_2
IMG5375_4,IMG2977_2,IMG3852_3
IMG4337_2,IMG2757_3,IMG2781_1
IMG5278_5,IMG3042_4,IMG2986_1
IMG4754_4,IMG3283_2,IMG3086_3
IMG5306_3,IMG2807_3,IMG2771_4
IMG4525_3,IMG2962_4,IMG3152_3
IMG4551_4,IMG2838_2,IMG3741_4
IMG4293_3,IMG2899_5,IMG3741_2
IMG4993_1,IMG3613_1,IMG4021_2
IMG4547_5,IMG3755_4,IMG3151_2
IMG4950_2,IMG3555_3,IMG2894_3
IMG4617_2,IMG3360_5,IMG3570_2
IMG4379_2,IMG3914_5,IMG3786_5
IMG4667_1,IMG2846_2,IMG3408_2
IMG5167_5,IMG3867_2,IMG3460_4
IMG4362_2,IMG3083_2,IMG3012_3
IMG5434_1,IMG4033_1,IMG4033_1
IMG4576_2,IMG3018_5,IMG3993_2
IMG4698_4,IMG3941_1,IMG3941_1
IMG4859_1,IMG3173_5,IMG2903_3
IMG5117_4,IMG4089_3,IMG3866_3
IMG4602_4,IMG3655_1,IMG3146_1
IMG5229_1,IMG2959_4,IMG3739_3
IMG4407_1,IMG3267_3,IMG3002_4
IMG5207_1,IMG3627_1,IMG3808_3
IMG5217_1,IMG2766_5,IMG3143_2
IMG4636_3,IMG3230_3,IMG3065_2
IMG4875_3,IMG3926_1,IMG3909_4
IMG5137_1,IMG3953_1,IMG2798_5
IMG5149_3,IMG3342_2,IMG3854_3
IMG5468_1,IMG3305_3,IMG3938_5
IMG4294_1,IMG3713_1,IMG3948_2
IMG5127_2,IMG3551_2,IMG3592_1
IMG5476_2,IMG2772_2,IMG2904_3
IMG4378_3,IMG3173_3,IMG3044_2
IMG4808_2,IMG3894_3,IMG3025_1
IMG5479_5,IMG4048_1,IMG4035_2
IMG5020_3,IMG4032_4,IMG3900_5
IMG4428_5,IMG2796_5,IMG2941_3
IMG5101_5,IMG2957_5,IMG3183_1
IMG4481_2,IMG3963_5,IMG3963_4
IMG4355_2,IMG4218_3,IMG4180_3
IMG5221_4,IMG4065_2,IMG2924_5
IMG5316_1,IMG3497_3,IMG3598_1
IMG4417_4,IMG3091_4,IMG4208_1
IMG4907_3,IMG3404_4,IMG3404_3
IMG4784_1,IMG2927_4,IMG3070_1
IMG4908_3,IMG3465_1,IMG3465_5
IMG4305_5,IMG3363_2,IMG3038_5
IMG4606_3,IMG4190_2,IMG3424_2
IMG5454_4,IMG2827_4,IMG3947_3
IMG5023_4,IMG3232_5,IMG3265_4
IMG4695_1,IMG3351_5,IMG3346_4
IMG4621_1,IMG4234_5,IMG3963_3
IMG4888_3,IMG4073_3,IMG3056_4
IMG4852_1,IMG3482_2,IMG3007_4
IMG5180_4,IMG4013_1,IMG2855_1
IMG4335_4,IMG3352_4,IMG3268_1
IMG5230_1,IMG4232_2,IMG4177_3
IMG4535_3,IMG4142_2,IMG2876_2
IMG4507_3,IMG2807_3,IMG2771_4
IMG4897_1,IMG4241_5,IMG3102_2
IMG4468_3,IMG2991_4,IMG3930_2
IMG4622_1,IMG3235_3,IMG2947_4
IMG4513_1,IMG3225_4,IMG4120_2
IMG5272_1,IMG3697_3,IMG4163_4
IMG4486_2,IMG2968_3,IMG3240_5
IMG4853_4,IMG3627_5,IMG2775_5
IMG4677_2,IMG3170_5,IMG3609_3
IMG5227_3,IMG4101_1,IMG4101_2
IMG4957_5,IMG2847_1,IMG3145_4
IMG5384_4,IMG3153_4,IMG3148_4
IMG4515_1,IMG3602_2,IMG3096_1
IMG4894_1,IMG3805_3,IMG3288_2
IMG4933_3,IMG4020_2,IMG2944_4
IMG5098_1,IMG3179_4,IMG3211_3
IMG5186_5,IMG3023_5,IMG4035_2
IMG4687_3,IMG4172_3,IMG3049_5
IMG5475_5,IMG4078_4,IMG4066_1
IMG5017_3,IMG3867_2,IMG3867_3
IMG4658_4,IMG3583_1,IMG4227_1
IMG4682_2,IMG3791_2,IMG3828_2
IMG5140_5,IMG4138_2,IMG3371_4
IMG4514_2,IMG3572_3,IMG3950_3
IMG4635_3,IMG3046_2,IMG4096_4
IMG4559_4,IMG3930_4,IMG3029_1
IMG4376_2,IMG3786_2,IMG3888_4
IMG4914_5,IMG3996_4,IMG3264_2
IMG4896_1,IMG2955_2,IMG3408_1
IMG4817_5,IMG4036_3,IMG3561_4
IMG4729_4,IMG2886_1,IMG2886_5
IMG5083_1,IMG3359_4,IMG4007_2
IMG5330_3,IMG3188_3,IMG3778_3
IMG5338_4,IMG3745_1,IMG3276_5
IMG5280_1,IMG4211_3,IMG4045_2
IMG5368_2,IMG3103_1,IMG3729_3
IMG4961_4,IMG4181_2,IMG3086_4
IMG5323_3,IMG3598_2,IMG3353_1
IMG5028_5,IMG2943_1,IMG3560_2
IMG4916_3,IMG3936_2,IMG4135_2
IMG5147_1,IMG4119_4,IMG4125_5
IMG4931_3,IMG2837_1,IMG4057_3
IMG4412_2,IMG2826_3,IMG3006_3
IMG5429_3,IMG3066_2,IMG3770_4
IMG4542_1,IMG3168_5,IMG3226_5
IMG5439_2,IMG3589_5,IMG3735_3
IMG4314_5,IMG3078_5,IMG3915_4
IMG4403_4,IMG3535_5,IMG3767_4
IMG4663_2,IMG3359_5,IMG4007_3
IMG5197_3,IMG3416_1,IMG3667_2
IMG4400_5,IMG3251_5,IMG3597_1
IMG4783_2,IMG4069_4,IMG3120_1
IMG5112_5,IMG3916_4,IMG3575_5
IMG4448_3,IMG3283_5,IMG3754_5
IMG5372_5,IMG2836_4,IMG3391_3
IMG5483_2,IMG2997_1,IMG3661_1
IMG4985_4,IMG3209_3,IMG3108_4
IMG4730_3,IMG3484_4,IMG3211_4
IMG5373_4,IMG3865_4,IMG2940_5
IMG4918_3,IMG3362_4,IMG2910_5
IMG4972_4,IMG3307_3,IMG3621_3
IMG4683_4,IMG3391_4,IMG4186_3
IMG5178_3,IMG4171_4,IMG3608_1
IMG4592_5,IMG3853_1,IMG2903_1
IMG4940_5,IMG4049_2,IMG3026_3
IMG4942_4,IMG3092_1,IMG4089_4
IMG4637_1,IMG2868_1,IMG4031_2
IMG4296_1,IMG3217_1,IMG3831_5
IMG4797_4,IMG2945_4,IMG3478_1
IMG5447_3,IMG3170_5,IMG3054_4
IMG4656_2,IMG3540_2,IMG3950_5
IMG4949_2,IMG4181_1,IMG3995_4
IMG5113_4,IMG4212_1,IMG4045_2
IMG4579_4,IMG3517_2,IMG3390_4
IMG5350_1,IMG4182_3,IMG3205_5
IMG4567_1,IMG4035_1,IMG3597_1
IMG5232_2,IMG2839_1,IMG3327_5
IMG4352_4,IMG3839_5,IMG4230_3
IMG4806_1,IMG3331_4,IMG3214_1
IMG5293_3,IMG3016_4,IMG3662_3
IMG4397_4,IMG3469_4,IMG2909_3
IMG4771_4,IMG3958_4,IMG4084_1
IMG5267_1,IMG4209_2,IMG3899_5
IMG5388_3,IMG3510_2,IMG2998_3
IMG5452_3,IMG3248_5,IMG2969_1
IMG4573_5,IMG3406_4,IMG4187_5
IMG4471_5,IMG2989_5,IMG3087_1
IMG4454_2,IMG3729_5,IMG4209_3
IMG4460_1,IMG3843_4,IMG3430_1
IMG4665_4,IMG3260_1,IMG3299_2
IMG5263_2,IMG2852_4,IMG3486_2
IMG4568_2,IMG3521_3,IMG3996_2
IMG5078_2,IMG3399_1,IMG3553_5
IMG4731_2,IMG3945_4,IMG3961_4
IMG4753_2,IMG3195_2,IMG2904_3
IMG4787_4,IMG3816_1,IMG3788_3
IMG4790_4,IMG2824_1,IMG3461_1
IMG5034_5,IMG3586_1,IMG2992_5
IMG4588_4,IMG2995_4,IMG2887_4
IMG5077_3,IMG3875_3,IMG3898_2
IMG4498_3,IMG3700_5,IMG2854_1
IMG5055_4,IMG3363_1,IMG3044_3
IMG4927_1,IMG4144_1,IMG3336_5
IMG4834_3,IMG2799_2,IMG3115_2
IMG4420_1,IMG2746_1,IMG3448_4
IMG5471_2,IMG3259_3,IMG3109_3
IMG4711_4,IMG3192_3,IMG3192_4
IMG5041_1,IMG2756_2,IMG3820_2
IMG5378_1,IMG3548_2,IMG3122_1
IMG4593_4,IMG4225_5,IMG3946_3
IMG4482_3,IMG3347_3,IMG3688_5
IMG5243_3,IMG3338_1,IMG2784_4
IMG5258_2,IMG4041_5,IMG3109_4
IMG5485_3,IMG2845_4,IMG4099_1
IMG5031_3,IMG3488_2,IMG2846_4
IMG4445_3,IMG3673_3,IMG3790_4
IMG5420_1,IMG3107_3,IMG3588_4
IMG4701_4,IMG2771_5,IMG2928_5
IMG4327_4,IMG3866_1,IMG3259_5
IMG4924_4,IMG2856_3,IMG2821_4
IMG4510_5,IMG3760_1,IMG3666_3
IMG5193_5,IMG2909_5,IMG3056_2
IMG4423_4,IMG2884_5,IMG3326_5
IMG5291_2,IMG3142_4,IMG2868_2
IMG5370_2,IMG3908_1,IMG3940_3
IMG5179_1,IMG3362_5,IMG3994_3
IMG4720_1,IMG4018_4,IMG3310_3
IMG4456_2,IMG4212_3,IMG3659_1
IMG4402_3,IMG3183_3,IMG2957_2
IMG5437_3,IMG3066_2,IMG3513_5
IMG4614_4,IMG3433_3,IMG3433_2
IMG4745_1,IMG4133_4,IMG3837_3
IMG5004_4,IMG3702_3,IMG4217_4
IMG4351_1,IMG4199_2,IMG4231_4
IMG5251_3,IMG3423_4,IMG3476_1
IMG4861_4,IMG3113_2,IMG3610_2
IMG5443_3,IMG3009_1,IMG3793_5
IMG5247_3,IMG3053_2,IMG3124_4
IMG4452_1,IMG3350_3,IMG3350_2
IMG5276_2,IMG3287_1,IMG3741_4
IMG4945_5,IMG3538_5,IMG3602_5
IMG5459_5,IMG2905_1,IMG2900_1
IMG4346_3,IMG4216_4,IMG3854_1
IMG5386_2,IMG3714_3,IMG3438_1
IMG5063_3,IMG2783_5,IMG2783_4
IMG4476_4,IMG3927_2,IMG3073_2
IMG4434_3,IMG4024_3,IMG3027_3
IMG4748_4,IMG3716_5,IMG3559_5
IMG4475_4,IMG3103_4,IMG2813_1
IMG4830_4,IMG4050_5,IMG3780_3
IMG5175_2,IMG4027_3,IMG3849_5
IMG4742_4,IMG3256_4,IMG3556_4
IMG4675_2,IMG3556_2,IMG3013_5
IMG4325_4,IMG3999_5,IMG3816_2
IMG4561_4,IMG3551_4,IMG4095_4
IMG4300_5,IMG3043_1,IMG4016_1
IMG5432_1,IMG2948_5,IMG3980_2
IMG4712_3,IMG3128_3,IMG3345_3
IMG5474_1,IMG3910_3,IMG2746_4
IMG5037_5,IMG3976_1,IMG3096_1
IMG4835_2,IMG4230_4,IMG3861_2
IMG4725_1,IMG4062_2,IMG3875_4
IMG4974_2,IMG3674_1,IMG3696_4
IMG4763_4,IMG3432_5,IMG4117_3
IMG4700_5,IMG2802_1,IMG3286_2
IMG5458_5,IMG3703_1,IMG4173_2
IMG5346_1,IMG3688_4,IMG2783_4
IMG4824_1,IMG3259_3,IMG3671_3
IMG5209_4,IMG2929_1,IMG2848_3
IMG5344_5,IMG2901_2,IMG2901_2
IMG4651_3,IMG3309_4,IMG3579_4
IMG4872_1,IMG3530_5,IMG3759_2
IMG4954_5,IMG3932_4,IMG4233_2
IMG4661_3,IMG3991_1,IMG3264_3
IMG5416_5,IMG3146_3,IMG3239_1
IMG4876_3,IMG3897_4,IMG3025_3
IMG4997_3,IMG3049_3,IMG3623_4
IMG4438_2,IMG3987_1,IMG3052_4
IMG4627_3,IMG2834_2,IMG3301_1
IMG4623_2,IMG2960_1,IMG3519_5
IMG5206_2,IMG3647_1,IMG4045_5
IMG4678_1,IMG4014_2,IMG3555_2
IMG4511_3,IMG3380_1,IMG3277_3
IMG4672_2,IMG4092_5,IMG2755_1
IMG4372_3,IMG4209_2,IMG4238_2
IMG5204_2,IMG3227_5,IMG2919_3
IMG5343_2,IMG3876_5,IMG3631_3
IMG4657_5,IMG4224_5,IMG3244_4
IMG4491_3,IMG3185_5,IMG2971_5
IMG4874_3,IMG4030_2,IMG4030_2
IMG4848_2,IMG4211_5,IMG2756_1
IMG4684_1,IMG4056_5,IMG2938_2
IMG5259_1,IMG3713_5,IMG2925_5
IMG4971_5,IMG4214_4,IMG3693_4
IMG4965_1,IMG3428_2,IMG3247_3
IMG4655_3,IMG4028_3,IMG3058_1
IMG5274_2,IMG3631_4,IMG3691_2
IMG4828_4,IMG3482_1,IMG2850_3
IMG4608_5,IMG3430_3,IMG3575_5
IMG5128_2,IMG3567_2,IMG3909_1
IMG4670_3,IMG3149_3,IMG3809_5
IMG5300_2,IMG3990_3,IMG3608_4
IMG4890_1,IMG3328_3,IMG3536_3
IMG4893_2,IMG2968_4,IMG3438_4
IMG5421_4,IMG3898_3,IMG3035_5
IMG4583_1,IMG3192_1,IMG3777_1
IMG4870_4,IMG3064_1,IMG3216_3
IMG4385_4,IMG3956_5,IMG3250_1
IMG5339_1,IMG3370_4,IMG3222_5
IMG5049_2,IMG3243_3,IMG3553_1
IMG5311_3,IMG2914_4,IMG3898_1
IMG4618_5,IMG4044_4,IMG2851_2
IMG4652_1,IMG3966_1,IMG4053_1
IMG4865_2,IMG3576_1,IMG3154_1
IMG4459_3,IMG4140_4,IMG2823_1
IMG4574_2,IMG2755_2,IMG3372_3
IMG5294_1,IMG3359_2,IMG4007_5
IMG5478_4,IMG3356_2,IMG3326_4
IMG5106_1,IMG4181_2,IMG3283_3
IMG5162_3,IMG3246_3,IMG3951_5
IMG4536_5,IMG3804_1,IMG3605_2
IMG5387_2,IMG3396_3,IMG3021_1
IMG4671_4,IMG4003_2,IMG3537_2
IMG4534_5,IMG3895_2,IMG3895_1
IMG5360_5,IMG3744_4,IMG4164_4
IMG5135_5,IMG3089_4,IMG3222_4
IMG4374_3,IMG3358_2,IMG3084_5
IMG5351_3,IMG2921_1,IMG2792_4
IMG4789_2,IMG4109_2,IMG3799_1
IMG4298_1,IMG4147_1,IMG3749_2
IMG5105_5,IMG3642_5,IMG3446_1
IMG5226_4,IMG3541_2,IMG3337_2
IMG4601_1,IMG3361_2,IMG3517_5
IMG5333_2,IMG3055_2,IMG4225_3
IMG5018_3,IMG3703_3,IMG3917_1
IMG5415_4,IMG3992_2,IMG3484_2
IMG4416_5,IMG3515_4,IMG3467_1
IMG5170_5,IMG4173_4,IMG3986_2
IMG4769_1,IMG3746_1,IMG4211_2
IMG4404_2,IMG4112_3,IMG2937_5
IMG4979_4,IMG3091_4,IMG3991_4
IMG4990_2,IMG3915_5,IMG3266_4
IMG4523_2,IMG3596_4,IMG4088_3
IMG4863_2,IMG3003_4,IMG3772_2
IMG5438_3,IMG3507_2,IMG4024_4
IMG5007_5,IMG4213_2,IMG3095_1
IMG4307_4,IMG3740_5,IMG4154_4
IMG5326_5,IMG3153_1,IMG3296_3
IMG4775_2,IMG2952_5,IMG3246_2
IMG5054_2,IMG3539_3,IMG3748_2
IMG4813_3,IMG3051_5,IMG3218_3
IMG4786_5,IMG3741_3,IMG3287_4
IMG5233_2,IMG3951_2,IMG3246_5
IMG4329_1,IMG3676_5,IMG3072_4
IMG5456_3,IMG3931_1,IMG4108_2
IMG5099_5,IMG4076_4,IMG3078_3
IMG4765_5,IMG2878_2,IMG3160_2
IMG4937_5,IMG3374_1,IMG3664_5
IMG4557_2,IMG3130_1,IMG3353_4
IMG5398_4,IMG4143_3,IMG4088_3
IMG5248_3,IMG3657_2,IMG3283_4
IMG4444_5,IMG3402_1,IMG3457_4
IMG4343_5,IMG3367_5,IMG3850_2
IMG5402_5,IMG2998_1,IMG3510_4
IMG4878_1,IMG2792_1,IMG2745_2
IMG5422_1,IMG3493_1,IMG4200_3
IMG4693_5,IMG3131_1,IMG3521_5
IMG4953_3,IMG2768_2,IMG2766_2
IMG5051_5,IMG3090_4,IMG2926_1
IMG4746_2,IMG3585_4,IMG4120_1
IMG4857_4,IMG2746_1,IMG3618_1
IMG5395_1,IMG2846_2,IMG3684_2
IMG4680_1,IMG3887_5,IMG3491_1
IMG5407_2,IMG3783_5,IMG3411_4
IMG4470_1,IMG3949_5,IMG3997_3
IMG5012_2,IMG3574_5,IMG3719_3
IMG4313_3,IMG3988_3,IMG3988_4
IMG5315_2,IMG3406_5,IMG4187_5
IMG4820_4,IMG3820_4,IMG2986_1
IMG4500_3,IMG4189_2,IMG2812_3
IMG5166_1,IMG3832_2,IMG3231_5
IMG5119_1,IMG3284_1,IMG2942_1
IMG5158_1,IMG3354_1,IMG3105_4
IMG5366_4,IMG2831_3,IMG2985_3
IMG5356_3,IMG3239_4,IMG3251_4
IMG4406_2,IMG4158_2,IMG2803_1
IMG4295_1,IMG2815_1,IMG2936_3
IMG4603_2,IMG3166_2,IMG3317_2
IMG4530_3,IMG3918_5,IMG3980_3
IMG4625_2,IMG4036_1,IMG3754_5
IMG4611_5,IMG3161_1,IMG3417_5
IMG5116_3,IMG4065_2,IMG2895_5
IMG5111_2,IMG3912_5,IMG4066_1
IMG5002_3,IMG2817_1,IMG3245_3
IMG5146_3,IMG3302_2,IMG2979_5
IMG4502_2,IMG4008_1,IMG3030_1
IMG4520_5,IMG3816_3,IMG2768_3
IMG4777_2,IMG4104_5,IMG3052_4
IMG5157_5,IMG3641_4,IMG2916_4
IMG5277_3,IMG3898_5,IMG3898_4
IMG5082_3,IMG3161_3,IMG3236_2
IMG4506_4,IMG3497_4,IMG4017_4
IMG4984_2,IMG3122_5,IMG3738_1
IMG4674_3,IMG3969_2,IMG3003_1
IMG5362_2,IMG2903_4,IMG3295_3
IMG4854_1,IMG3187_2,IMG2900_1
IMG5174_5,IMG3122_5,IMG3243_5
IMG5285_1,IMG3666_5,IMG4178_5
IMG4577_3,IMG3156_5,IMG3711_1
IMG4749_1,IMG2915_3,IMG3425_5
IMG4356_2,IMG4157_4,IMG4033_4
IMG4369_4,IMG2883_4,IMG3517_4
IMG5321_2,IMG3268_3,IMG3352_1
IMG5409_2,IMG3326_3,IMG3029_5
IMG4679_2,IMG3038_4,IMG2903_1
IMG4449_3,IMG3590_2,IMG4039_2
IMG4666_2,IMG3447_2,IMG3447_3
IMG4332_3,IMG3227_5,IMG3926_3
IMG5298_5,IMG3955_2,IMG3951_5
IMG4868_3,IMG4151_3,IMG3298_2
IMG4421_1,IMG3983_4,IMG3214_2
IMG5234_3,IMG2852_4,IMG2852_5
IMG4871_1,IMG2828_3,IMG3212_3
IMG5148_2,IMG3229_4,IMG3881_3
IMG5237_1,IMG3645_4,IMG3488_4
IMG4732_3,IMG3593_4,IMG3386_2
IMG5342_2,IMG4181_3,IMG3283_4
IMG4643_2,IMG3794_2,IMG2824_3
IMG5363_1,IMG3701_2,IMG4067_5
IMG4437_3,IMG3205_2,IMG3316_2
IMG4427_3,IMG3507_3,IMG2935_1
IMG4571_4,IMG3586_4,IMG3487_2
IMG5228_1,IMG3155_2,IMG3667_2
IMG4847_3,IMG2842_2,IMG3537_2
IMG5324_5,IMG3083_2,IMG4123_1
IMG5010_1,IMG3113_2,IMG2849_1
IMG4750_3,IMG2894_1,IMG2932_3
IMG5260_4,IMG4179_5,IMG3330_5
IMG4821_1,IMG4174_5,IMG4119_3
IMG5332_1,IMG3034_4,IMG2969_4
IMG4958_2,IMG3383_5,IMG3383_4
IMG5244_3,IMG3036_1,IMG3963_3
IMG5185_3,IMG3429_3,IMG4066_4
IMG5194_1,IMG4139_1,IMG2938_3
IMG4948_4,IMG3248_1,IMG3886_4
IMG4353_3,IMG4093_4,IMG2941_3
IMG4831_1,IMG3612_2,IMG2885_5
IMG4718_2,IMG3600_4,IMG3992_1
IMG4418_5,IMG4038_2,IMG4135_5
IMG5086_1,IMG3720_3,IMG3316_1
IMG4792_3,IMG3379_2,IMG3379_1
IMG5279_5,IMG3567_5,IMG3775_5
IMG5021_1,IMG3193_3,IMG3769_4
IMG5264_4,IMG4044_4,IMG3305_1
IMG4424_2,IMG3875_1,IMG4062_1
IMG5403_1,IMG3859_1,IMG3919_2
IMG4799_1,IMG3845_2,IMG2797_4
IMG5053_3,IMG3742_2,IMG3102_4
IMG4315_5,IMG3064_3,IMG3579_4
IMG4580_1,IMG3333_2,IMG4114_2
IMG5068_3,IMG3679_5,IMG3041_2
IMG4308_3,IMG4130_4,IMG4101_3
IMG5249_2,IMG4023_3,IMG2841_4
IMG5171_3,IMG3403_2,IMG3985_2
IMG4734_5,IMG3897_1,IMG4117_3
IMG4440_4,IMG3685_5,IMG2935_3
IMG5067_4,IMG3054_2,IMG2902_1
IMG5273_3,IMG3328_4,IMG3536_4
IMG4855_4,IMG3101_5,IMG3439_3
IMG4410_1,IMG3898_5,IMG4062_4
IMG4780_1,IMG4166_3,IMG3402_5
IMG4360_4,IMG3737_2,IMG3779_5
IMG4368_2,IMG4026_5,IMG4026_5
IMG4587_4,IMG3657_3,IMG4074_4
IMG4331_2,IMG3016_2,IMG4170_1
IMG4492_4,IMG4037_4,IMG3245_2
IMG5246_4,IMG3060_4,IMG3245_2
IMG4973_1,IMG3361_2,IMG3517_5
IMG4600_5,IMG3924_5,IMG4167_4
IMG4297_4,IMG2831_3,IMG4172_5
IMG5367_4,IMG4091_1,IMG3905_5
IMG4391_5,IMG3812_3,IMG3963_4
IMG4395_4,IMG4186_4,IMG3911_3
IMG4715_2,IMG3789_4,IMG3526_1
IMG4365_4,IMG3291_3,IMG3430_1
IMG5130_5,IMG3220_4,IMG3165_5
IMG5074_4,IMG4066_3,IMG2861_5
IMG4757_3,IMG3003_4,IMG2784_2
IMG4443_4,IMG3088_1,IMG3625_2
IMG4609_3,IMG3354_3,IMG2916_5
IMG4825_4,IMG2921_4,IMG2879_2
IMG4419_3,IMG3663_4,IMG3877_4
IMG5124_3,IMG3768_5,IMG3656_2
IMG5385_2,IMG3530_5,IMG4042_3
IMG5462_4,IMG3352_3,IMG3352_2
IMG4814_1,IMG3443_5,IMG3870_4
IMG5235_4,IMG4063_3,IMG2960_3
IMG4707_2,IMG3804_3,IMG4093_2
IMG5270_5,IMG3228_4,IMG3835_1
IMG5195_5,IMG3423_5,IMG2792_2
IMG4850_1,IMG2869_2,IMG3581_4
IMG4996_5,IMG3251_2,IMG3597_3
IMG4363_2,IMG3213_2,IMG4112_2
IMG4287_3,IMG3375_4,IMG3442_3
IMG5329_1,IMG3233_2,IMG3616_5
IMG5079_5,IMG3098_2,IMG3098_1
IMG4555_5,IMG3587_5,IMG3800_1
IMG4380_4,IMG2849_5,IMG3610_2
IMG5414_2,IMG3872_5,IMG3076_2
IMG5334_3,IMG4113_2,IMG3671_5
IMG5005_5,IMG3054_2,IMG2902_1
IMG4722_2,IMG4146_3,IMG3973_4
IMG4647_4,IMG3484_3,IMG3484_3
IMG4519_5,IMG3760_1,IMG4158_5
IMG5337_1,IMG3943_2,IMG4143_1
IMG5076_2,IMG3747_2,IMG3303_3
IMG4733_4,IMG3038_1,IMG3295_1
IMG4633_3,IMG2879_1,IMG2921_3
IMG4524_2,IMG3930_5,IMG3999_1
IMG4911_5,IMG3395_1,IMG3404_2
IMG5448_5,IMG3537_4,IMG4044_3
IMG5160_5,IMG4045_4,IMG3165_3
IMG4829_4,IMG2871_3,IMG2887_5
IMG5275_4,IMG3185_2,IMG2971_2
IMG5151_1,IMG3761_3,IMG3352_2
IMG4802_3,IMG2993_5,IMG3914_4
IMG5453_1,IMG3123_4,IMG3621_2
IMG4944_1,IMG3231_3,IMG3355_5
IMG4585_5,IMG3527_5,IMG3244_4
IMG5361_1,IMG3725_1,IMG3648_5
IMG4968_4,IMG3542_5,IMG2806_5
IMG4493_3,IMG3242_1,IMG3513_4
IMG5006_3,IMG3538_1,IMG3964_2
IMG5254_5,IMG2956_1,IMG2982_1
IMG4549_1,IMG3177_5,IMG3552_5
IMG4339_5,IMG2860_4,IMG2909_1
IMG4879_5,IMG3594_2,IMG2772_1
IMG4833_5,IMG2974_3,IMG3201_1
IMG4594_4,IMG3289_5,IMG3099_1
IMG4744_4,IMG3224_3,IMG4238_2
IMG5486_2,IMG4113_4,IMG3412_2
IMG4673_1,IMG3347_4,IMG4017_3
IMG5189_3,IMG2929_1,IMG2848_3
IMG4497_1,IMG3506_4,IMG3269_2
IMG5257_1,IMG3734_5,IMG3375_2
IMG4291_5,IMG3207_1,IMG2942_3
IMG5075_3,IMG4190_4,IMG3407_4
IMG5423_3,IMG2771_5,IMG2928_5
IMG4466_1,IMG3645_4,IMG3045_1
IMG4781_1,IMG3518_2,IMG3374_4
IMG4685_2,IMG3289_2,IMG3694_3
IMG4866_3,IMG2950_2,IMG3154_1
IMG4983_2,IMG2906_3,IMG2834_1
IMG4986_3,IMG3488_1,IMG3320_2
IMG5159_4,IMG3973_2,IMG3471_4
IMG5013_4,IMG2929_3,IMG3194_2
IMG4920_4,IMG3153_1,IMG3335_4
IMG4516_2,IMG4234_3,IMG3828_3
IMG4740_1,IMG3297_1,IMG3752_1
IMG4688_2,IMG3565_5,IMG3816_4
IMG5102_3,IMG2962_2,IMG2765_1
IMG4504_3,IMG3415_1,IMG2983_4
IMG5406_2,IMG3682_5,IMG3986_1
IMG4660_5,IMG3271_1,IMG3271_5
IMG4309_1,IMG3367_3,IMG3726_4
IMG4838_2,IMG3331_5,IMG4243_1
IMG4382_4,IMG3624_5,IMG4115_4
IMG5450_5,IMG3819_4,IMG3515_1
IMG5208_3,IMG3898_3,IMG2914_2
IMG4565_4,IMG3757_1,IMG4231_5
IMG4939_1,IMG3305_3,IMG3479_4
IMG4318_2,IMG3931_2,IMG3280_5
IMG4578_3,IMG4069_1,IMG3615_1
IMG5312_4,IMG3987_4,IMG3492_5
IMG5305_5,IMG3045_3,IMG3645_1
IMG5391_4,IMG2778_2,IMG2843_3
IMG5461_4,IMG3840_5,IMG3840_4
IMG5284_3,IMG2978_2,IMG2747_1
IMG4778_1,IMG4010_2,IMG3265_4
IMG5069_4,IMG3962_2,IMG3659_4
IMG5115_1,IMG3006_1,IMG3006_1
IMG4469_4,IMG3414_3,IMG3704_4
IMG5108_5,IMG4138_4,IMG3449_5
IMG5236_4,IMG2834_4,IMG2906_1
IMG5390_4,IMG3306_5,IMG3831_4
IMG4304_5,IMG3242_5,IMG3028_4
IMG5080_5,IMG2889_2,IMG3631_1
IMG5126_3,IMG3226_4,IMG3226_3
IMG5088_1,IMG3389_5,IMG4161_1
IMG5216_4,IMG2988_3,IMG4159_5
IMG5240_4,IMG3434_1,IMG4099_4
IMG4736_2,IMG4135_3,IMG3658_2
IMG4767_5,IMG2863_3,IMG4017_2
IMG4832_4,IMG4010_4,IMG3715_2
IMG4326_5,IMG2867_5,IMG4228_4
IMG4659_2,IMG3047_5,IMG4023_2
IMG5419_4,IMG3474_1,IMG4012_2
IMG4322_4,IMG3960_3,IMG3858_2
IMG4844_4,IMG3441_5,IMG3441_1
IMG4782_2,IMG3576_5,IMG2967_5
IMG4615_1,IMG3003_2,IMG3772_5
IMG5143_5,IMG3757_5,IMG4145_1
IMG5322_4,IMG2800_3,IMG2913_3
IMG5281_1,IMG3713_2,IMG3948_2
IMG4489_5,IMG4203_2,IMG3637_4
IMG4586_3,IMG3744_1,IMG3634_4
IMG4450_3,IMG4025_4,IMG3906_1
IMG5442_1,IMG4109_5,IMG3968_1
IMG5129_5,IMG3121_4,IMG2941_5
IMG4501_5,IMG3574_3,IMG4052_3
IMG5073_5,IMG4182_4,IMG3205_5
IMG4905_2,IMG2839_3,IMG3614_4
IMG5292_5,IMG3191_4,IMG3512_1
IMG4851_4,IMG3493_2,IMG3715_5
IMG5241_5,IMG4179_1,IMG3330_1
IMG5030_2,IMG2790_5,IMG3304_3
IMG5153_3,IMG2746_2,IMG3410_1
IMG4694_2,IMG4125_4,IMG3670_4
IMG5473_1,IMG2929_5,IMG3843_5
IMG5183_1,IMG4044_1,IMG3795_2
IMG4846_5,IMG4204_1,IMG2858_2
IMG4408_4,IMG4050_2,IMG3592_3
IMG4998_2,IMG2883_4,IMG3517_4
IMG5039_3,IMG3356_3,IMG2768_3
IMG5089_1,IMG4142_5,IMG3266_2
IMG4509_2,IMG3677_3,IMG3677_4
IMG5457_3,IMG3173_4,IMG2903_1
IMG4411_5,IMG3319_3,IMG3292_3
IMG5426_5,IMG3470_2,IMG3503_2
IMG4644_5,IMG3357_3,IMG3307_1
IMG4429_2,IMG3113_5,IMG3610_5
IMG5071_2,IMG4063_1,IMG3044_5
IMG4364_1,IMG4160_1,IMG2918_5
IMG5187_2,IMG3394_1,IMG3928_5
IMG4809_3,IMG3905_3,IMG2795_3
IMG5043_1,IMG3230_3,IMG2908_3
IMG4977_3,IMG3031_2,IMG2916_5
IMG5413_4,IMG3212_5,IMG3846_2
IMG5009_3,IMG3498_2,IMG4199_5
IMG5283_5,IMG3386_3,IMG3254_3
IMG4560_2,IMG2893_4,IMG2825_5
IMG5369_2,IMG4176_4,IMG2905_2
IMG5445_4,IMG3180_2,IMG2927_5
IMG4432_3,IMG3223_1,IMG3698_2
IMG4856_5,IMG3900_1,IMG4192_2
IMG5084_3,IMG3193_4,IMG3769_5
IMG4810_1,IMG2745_5,IMG4145_3
IMG4702_4,IMG3714_1,IMG3438_5
IMG5389_2,IMG2795_2,IMG3104_2
IMG5081_5,IMG3361_1,IMG2816_1
IMG4719_5,IMG2895_4,IMG3028_3
IMG4590_1,IMG3956_5,IMG3128_2
IMG5192_3,IMG3776_4,IMG3578_1
IMG5027_5,IMG3501_4,IMG3278_1
IMG5094_4,IMG3061_5,IMG3061_1
IMG4662_2,IMG4078_3,IMG4078_2
IMG4529_2,IMG3552_4,IMG3155_3
IMG5165_1,IMG3832_5,IMG3212_3
IMG4610_1,IMG3437_3,IMG3417_5
IMG5064_3,IMG3588_1,IMG3428_1
IMG4864_5,IMG3284_4,IMG3093_5
IMG4413_4,IMG2867_5,IMG4228_4
IMG5025_5,IMG3807_2,IMG4156_3
IMG4761_3,IMG3464_1,IMG3848_5
IMG5040_3,IMG3811_1,IMG3063_5
IMG4518_2,IMG3223_5,IMG3017_2
IMG5296_2,IMG3133_3,IMG3845_1
IMG4392_1,IMG3964_4,IMG3538_3
IMG4639_2,IMG2786_2,IMG3586_2
IMG5287_3,IMG4164_2,IMG2776_4
IMG4812_4,IMG2871_3,IMG2887_5
IMG4584_2,IMG3769_3,IMG3193_2
IMG4596_4,IMG3934_4,IMG3932_2
IMG5046_1,IMG3898_5,IMG3898_1
IMG5314_5,IMG4116_5,IMG3479_1
IMG5465_2,IMG3124_3,IMG3698_4
IMG4541_3,IMG3333_4,IMG4148_2
IMG4689_4,IMG3437_2,IMG3535_4
IMG4737_5,IMG2790_4,IMG2901_3
IMG5348_4,IMG3313_5,IMG3313_5
IMG5121_4,IMG3674_1,IMG4202_4
IMG4301_3,IMG3510_5,IMG2988_5
IMG4646_2,IMG3407_1,IMG3178_1
IMG4480_2,IMG3908_1,IMG3503_2
IMG4401_4,IMG3997_1,IMG3200_4
IMG4371_1,IMG2949_2,IMG3420_4
IMG4320_2,IMG3020_2,IMG3434_2
IMG5205_3,IMG3891_1,IMG3111_1
IMG5295_5,IMG4029_3,IMG4029_4
IMG5125_2,IMG3497_4,IMG3347_5
IMG5212_2,IMG2860_2,IMG3554_2
IMG5003_5,IMG3370_3,IMG3673_2
IMG4344_5,IMG2947_1,IMG3153_2
IMG4717_4,IMG3436_3,IMG3765_4
IMG5347_5,IMG3125_5,IMG3810_5
IMG4913_3,IMG3004_1,IMG3418_3
IMG4762_1,IMG4234_4,IMG4182_2
IMG5336_5,IMG3303_2,IMG3178_1
IMG4978_2,IMG3883_1,IMG2924_3
IMG5000_5,IMG3599_4,IMG3484_5
IMG5176_3,IMG4165_1,IMG3148_5
IMG5299_4,IMG2805_3,IMG2781_5
IMG5036_3,IMG4055_4,IMG3631_2
IMG4527_3,IMG3107_4,IMG3560_2
IMG4793_1,IMG3869_4,IMG3748_4
IMG5015_4,IMG3590_4,IMG2885_4
IMG4640_2,IMG3464_4,IMG3464_3
IMG4396_3,IMG3636_5,IMG3892_5
IMG4690_3,IMG3576_4,IMG2867_1
IMG4818_2,IMG3147_3,IMG3355_4
IMG4341_5,IMG3509_2,IMG3765_3
IMG4708_1,IMG3718_2,IMG2989_1
IMG4383_3,IMG4038_4,IMG2776_3
IMG5107_5,IMG3246_3,IMG3719_5
IMG4987_3,IMG2778_5,IMG3854_2
IMG4798_1,IMG3157_3,IMG3214_2
IMG5472_4,IMG4106_4,IMG3952_5
IMG4539_1,IMG3593_1,IMG3254_4
IMG4922_4,IMG3516_5,IMG3250_1
IMG5161_4,IMG3868_2,IMG3145_2
IMG5428_2,IMG4214_2,IMG3897_5
IMG5380_1,IMG3304_5,IMG4100_3
IMG4805_5,IMG3335_1,IMG3562_2
